<?xml version="1.0" encoding="UTF-8"?>
<project-private xmlns="http://www.netbeans.org/ns/project-private/1">
    <editor-bookmarks xmlns="http://www.netbeans.org/ns/editor-bookmarks/2" lastBookmarkId="0"/>
    <open-files xmlns="http://www.netbeans.org/ns/projectui-open-files/2">
        <group>
            <file>file:/D:/netbeans/database_final/New%20folder/database/src/adminsite.java</file>
            <file>file:/D:/netbeans/database_final/New%20folder/database/src/search.java</file>
            <file>file:/D:/netbeans/database_final/New%20folder/database/src/Insert.java</file>
            <file>file:/D:/netbeans/database_final/New%20folder/database/src/admin.java</file>
            <file>file:/D:/netbeans/database_final/New%20folder/database/src/Database.java</file>
            <file>file:/D:/netbeans/database_final/New%20folder/database/src/GUI.java</file>
            <file>file:/D:/netbeans/database_final/New%20folder/database/src/remove.java</file>
        </group>
    </open-files>
</project-private>
